quality;flags
22;-c:v hevc_nvenc -cq:v 22
23;-c:v hevc_nvenc -cq:v 23
24;-c:v hevc_nvenc -cq:v 24
25;-c:v hevc_nvenc -cq:v 25
26;-c:v hevc_nvenc -cq:v 26
26.1;-c:v hevc_nvenc -cq:v 26.1
26.2;-c:v hevc_nvenc -cq:v 26.2
26.3;-c:v hevc_nvenc -cq:v 26.3
26.4;-c:v hevc_nvenc -cq:v 26.4
26.5;-c:v hevc_nvenc -cq:v 26.5
26.6;-c:v hevc_nvenc -cq:v 26.6
26.7;-c:v hevc_nvenc -cq:v 26.7
26.8;-c:v hevc_nvenc -cq:v 26.8
26.9;-c:v hevc_nvenc -cq:v 26.9
27;-c:v hevc_nvenc -cq:v 27
28;-c:v hevc_nvenc -cq:v 28
29;-c:v hevc_nvenc -cq:v 29
30;-c:v hevc_nvenc -cq:v 30
31;-c:v hevc_nvenc -cq:v 31
32;-c:v hevc_nvenc -cq:v 32
33;-c:v hevc_nvenc -cq:v 33
34;-c:v hevc_nvenc -cq:v 34
22;-pix_fmt yuv420p -g 600 -keyint_min 600 -rc vbr -b:v 0 -c:v hevc_nvenc -preset p7 -tune hq -cq:v 22
23;-pix_fmt yuv420p -g 600 -keyint_min 600 -rc vbr -b:v 0 -c:v hevc_nvenc -preset p7 -tune hq -cq:v 23
24;-pix_fmt yuv420p -g 600 -keyint_min 600 -rc vbr -b:v 0 -c:v hevc_nvenc -preset p7 -tune hq -cq:v 24
25;-pix_fmt yuv420p -g 600 -keyint_min 600 -rc vbr -b:v 0 -c:v hevc_nvenc -preset p7 -tune hq -cq:v 25
26;-pix_fmt yuv420p -g 600 -keyint_min 600 -rc vbr -b:v 0 -c:v hevc_nvenc -preset p7 -tune hq -cq:v 26
27;-pix_fmt yuv420p -g 600 -keyint_min 600 -rc vbr -b:v 0 -c:v hevc_nvenc -preset p7 -tune hq -cq:v 27
28;-pix_fmt yuv420p -g 600 -keyint_min 600 -rc vbr -b:v 0 -c:v hevc_nvenc -preset p7 -tune hq -cq:v 28
29;-pix_fmt yuv420p -g 600 -keyint_min 600 -rc vbr -b:v 0 -c:v hevc_nvenc -preset p7 -tune hq -cq:v 29
30;-pix_fmt yuv420p -g 600 -keyint_min 600 -rc vbr -b:v 0 -c:v hevc_nvenc -preset p7 -tune hq -cq:v 30
31;-pix_fmt yuv420p -g 600 -keyint_min 600 -rc vbr -b:v 0 -c:v hevc_nvenc -preset p7 -tune hq -cq:v 31
32;-pix_fmt yuv420p -g 600 -keyint_min 600 -rc vbr -b:v 0 -c:v hevc_nvenc -preset p7 -tune hq -cq:v 32
32.1;-pix_fmt yuv420p -g 600 -keyint_min 600 -rc vbr -b:v 0 -c:v hevc_nvenc -preset p7 -tune hq -cq:v 32.1
32.2;-pix_fmt yuv420p -g 600 -keyint_min 600 -rc vbr -b:v 0 -c:v hevc_nvenc -preset p7 -tune hq -cq:v 32.2
32.3;-pix_fmt yuv420p -g 600 -keyint_min 600 -rc vbr -b:v 0 -c:v hevc_nvenc -preset p7 -tune hq -cq:v 32.3
32.4;-pix_fmt yuv420p -g 600 -keyint_min 600 -rc vbr -b:v 0 -c:v hevc_nvenc -preset p7 -tune hq -cq:v 32.4
32.5;-pix_fmt yuv420p -g 600 -keyint_min 600 -rc vbr -b:v 0 -c:v hevc_nvenc -preset p7 -tune hq -cq:v 32.5
32.6;-pix_fmt yuv420p -g 600 -keyint_min 600 -rc vbr -b:v 0 -c:v hevc_nvenc -preset p7 -tune hq -cq:v 32.6
32.7;-pix_fmt yuv420p -g 600 -keyint_min 600 -rc vbr -b:v 0 -c:v hevc_nvenc -preset p7 -tune hq -cq:v 32.7
32.8;-pix_fmt yuv420p -g 600 -keyint_min 600 -rc vbr -b:v 0 -c:v hevc_nvenc -preset p7 -tune hq -cq:v 32.8
32.9;-pix_fmt yuv420p -g 600 -keyint_min 600 -rc vbr -b:v 0 -c:v hevc_nvenc -preset p7 -tune hq -cq:v 32.9
33;-pix_fmt yuv420p -g 600 -keyint_min 600 -rc vbr -b:v 0 -c:v hevc_nvenc -preset p7 -tune hq -cq:v 33
34;-pix_fmt yuv420p -g 600 -keyint_min 600 -rc vbr -b:v 0 -c:v hevc_nvenc -preset p7 -tune hq -cq:v 34
22;-pix_fmt yuv420p -rc vbr -b:v 0 -c:v hevc_nvenc -preset p7 -tune hq -cq:v 22
23;-pix_fmt yuv420p -rc vbr -b:v 0 -c:v hevc_nvenc -preset p7 -tune hq -cq:v 23
24;-pix_fmt yuv420p -rc vbr -b:v 0 -c:v hevc_nvenc -preset p7 -tune hq -cq:v 24
25;-pix_fmt yuv420p -rc vbr -b:v 0 -c:v hevc_nvenc -preset p7 -tune hq -cq:v 25
26;-pix_fmt yuv420p -rc vbr -b:v 0 -c:v hevc_nvenc -preset p7 -tune hq -cq:v 26
27;-pix_fmt yuv420p -rc vbr -b:v 0 -c:v hevc_nvenc -preset p7 -tune hq -cq:v 27
28;-pix_fmt yuv420p -rc vbr -b:v 0 -c:v hevc_nvenc -preset p7 -tune hq -cq:v 28
29;-pix_fmt yuv420p -rc vbr -b:v 0 -c:v hevc_nvenc -preset p7 -tune hq -cq:v 29
30;-pix_fmt yuv420p -rc vbr -b:v 0 -c:v hevc_nvenc -preset p7 -tune hq -cq:v 30
31;-pix_fmt yuv420p -rc vbr -b:v 0 -c:v hevc_nvenc -preset p7 -tune hq -cq:v 31
32;-pix_fmt yuv420p -rc vbr -b:v 0 -c:v hevc_nvenc -preset p7 -tune hq -cq:v 32
32.1;-pix_fmt yuv420p -rc vbr -b:v 0 -c:v hevc_nvenc -preset p7 -tune hq -cq:v 32.1
32.2;-pix_fmt yuv420p -rc vbr -b:v 0 -c:v hevc_nvenc -preset p7 -tune hq -cq:v 32.2
32.3;-pix_fmt yuv420p -rc vbr -b:v 0 -c:v hevc_nvenc -preset p7 -tune hq -cq:v 32.3
32.4;-pix_fmt yuv420p -rc vbr -b:v 0 -c:v hevc_nvenc -preset p7 -tune hq -cq:v 32.4
32.5;-pix_fmt yuv420p -rc vbr -b:v 0 -c:v hevc_nvenc -preset p7 -tune hq -cq:v 32.5
32.6;-pix_fmt yuv420p -rc vbr -b:v 0 -c:v hevc_nvenc -preset p7 -tune hq -cq:v 32.6
32.7;-pix_fmt yuv420p -rc vbr -b:v 0 -c:v hevc_nvenc -preset p7 -tune hq -cq:v 32.7
32.8;-pix_fmt yuv420p -rc vbr -b:v 0 -c:v hevc_nvenc -preset p7 -tune hq -cq:v 32.8
32.9;-pix_fmt yuv420p -rc vbr -b:v 0 -c:v hevc_nvenc -preset p7 -tune hq -cq:v 32.9
33;-pix_fmt yuv420p -rc vbr -b:v 0 -c:v hevc_nvenc -preset p7 -tune hq -cq:v 33
34;-pix_fmt yuv420p -rc vbr -b:v 0 -c:v hevc_nvenc -preset p7 -tune hq -cq:v 34
22;-pix_fmt yuv420p10le -rc vbr -b:v 0 -c:v hevc_nvenc -preset p1 -tune hq -cq:v 22
23;-pix_fmt yuv420p10le -rc vbr -b:v 0 -c:v hevc_nvenc -preset p1 -tune hq -cq:v 23
24;-pix_fmt yuv420p10le -rc vbr -b:v 0 -c:v hevc_nvenc -preset p1 -tune hq -cq:v 24
25;-pix_fmt yuv420p10le -rc vbr -b:v 0 -c:v hevc_nvenc -preset p1 -tune hq -cq:v 25
26;-pix_fmt yuv420p10le -rc vbr -b:v 0 -c:v hevc_nvenc -preset p1 -tune hq -cq:v 26
27;-pix_fmt yuv420p10le -rc vbr -b:v 0 -c:v hevc_nvenc -preset p1 -tune hq -cq:v 27
28;-pix_fmt yuv420p10le -rc vbr -b:v 0 -c:v hevc_nvenc -preset p1 -tune hq -cq:v 28
29;-pix_fmt yuv420p10le -rc vbr -b:v 0 -c:v hevc_nvenc -preset p1 -tune hq -cq:v 29
30;-pix_fmt yuv420p10le -rc vbr -b:v 0 -c:v hevc_nvenc -preset p1 -tune hq -cq:v 30
31;-pix_fmt yuv420p10le -rc vbr -b:v 0 -c:v hevc_nvenc -preset p1 -tune hq -cq:v 31
32;-pix_fmt yuv420p10le -rc vbr -b:v 0 -c:v hevc_nvenc -preset p1 -tune hq -cq:v 32
33;-pix_fmt yuv420p10le -rc vbr -b:v 0 -c:v hevc_nvenc -preset p1 -tune hq -cq:v 33
33.1;-pix_fmt yuv420p10le -rc vbr -b:v 0 -c:v hevc_nvenc -preset p1 -tune hq -cq:v 33.1
33.2;-pix_fmt yuv420p10le -rc vbr -b:v 0 -c:v hevc_nvenc -preset p1 -tune hq -cq:v 33.2
33.3;-pix_fmt yuv420p10le -rc vbr -b:v 0 -c:v hevc_nvenc -preset p1 -tune hq -cq:v 33.3
33.4;-pix_fmt yuv420p10le -rc vbr -b:v 0 -c:v hevc_nvenc -preset p1 -tune hq -cq:v 33.4
33.5;-pix_fmt yuv420p10le -rc vbr -b:v 0 -c:v hevc_nvenc -preset p1 -tune hq -cq:v 33.5
33.6;-pix_fmt yuv420p10le -rc vbr -b:v 0 -c:v hevc_nvenc -preset p1 -tune hq -cq:v 33.6
33.7;-pix_fmt yuv420p10le -rc vbr -b:v 0 -c:v hevc_nvenc -preset p1 -tune hq -cq:v 33.7
33.8;-pix_fmt yuv420p10le -rc vbr -b:v 0 -c:v hevc_nvenc -preset p1 -tune hq -cq:v 33.8
33.9;-pix_fmt yuv420p10le -rc vbr -b:v 0 -c:v hevc_nvenc -preset p1 -tune hq -cq:v 33.9
34;-pix_fmt yuv420p10le -rc vbr -b:v 0 -c:v hevc_nvenc -preset p1 -tune hq -cq:v 34
34.1;-pix_fmt yuv420p10le -rc vbr -b:v 0 -c:v hevc_nvenc -preset p1 -tune hq -cq:v 34.1
34.2;-pix_fmt yuv420p10le -rc vbr -b:v 0 -c:v hevc_nvenc -preset p1 -tune hq -cq:v 34.2
34.3;-pix_fmt yuv420p10le -rc vbr -b:v 0 -c:v hevc_nvenc -preset p1 -tune hq -cq:v 34.3
34.4;-pix_fmt yuv420p10le -rc vbr -b:v 0 -c:v hevc_nvenc -preset p1 -tune hq -cq:v 34.4
34.5;-pix_fmt yuv420p10le -rc vbr -b:v 0 -c:v hevc_nvenc -preset p1 -tune hq -cq:v 34.5
34.6;-pix_fmt yuv420p10le -rc vbr -b:v 0 -c:v hevc_nvenc -preset p1 -tune hq -cq:v 34.6
34.7;-pix_fmt yuv420p10le -rc vbr -b:v 0 -c:v hevc_nvenc -preset p1 -tune hq -cq:v 34.7
34.8;-pix_fmt yuv420p10le -rc vbr -b:v 0 -c:v hevc_nvenc -preset p1 -tune hq -cq:v 34.8
34.9;-pix_fmt yuv420p10le -rc vbr -b:v 0 -c:v hevc_nvenc -preset p1 -tune hq -cq:v 34.9
35;-pix_fmt yuv420p10le -rc vbr -b:v 0 -c:v hevc_nvenc -preset p1 -tune hq -cq:v 35
22;-pix_fmt yuv420p10le -rc vbr -b:v 0 -c:v hevc_nvenc -preset p2 -tune hq -cq:v 22
23;-pix_fmt yuv420p10le -rc vbr -b:v 0 -c:v hevc_nvenc -preset p2 -tune hq -cq:v 23
24;-pix_fmt yuv420p10le -rc vbr -b:v 0 -c:v hevc_nvenc -preset p2 -tune hq -cq:v 24
25;-pix_fmt yuv420p10le -rc vbr -b:v 0 -c:v hevc_nvenc -preset p2 -tune hq -cq:v 25
26;-pix_fmt yuv420p10le -rc vbr -b:v 0 -c:v hevc_nvenc -preset p2 -tune hq -cq:v 26
27;-pix_fmt yuv420p10le -rc vbr -b:v 0 -c:v hevc_nvenc -preset p2 -tune hq -cq:v 27
28;-pix_fmt yuv420p10le -rc vbr -b:v 0 -c:v hevc_nvenc -preset p2 -tune hq -cq:v 28
29;-pix_fmt yuv420p10le -rc vbr -b:v 0 -c:v hevc_nvenc -preset p2 -tune hq -cq:v 29
30;-pix_fmt yuv420p10le -rc vbr -b:v 0 -c:v hevc_nvenc -preset p2 -tune hq -cq:v 30
31;-pix_fmt yuv420p10le -rc vbr -b:v 0 -c:v hevc_nvenc -preset p2 -tune hq -cq:v 31
32;-pix_fmt yuv420p10le -rc vbr -b:v 0 -c:v hevc_nvenc -preset p2 -tune hq -cq:v 32
32.1;-pix_fmt yuv420p10le -rc vbr -b:v 0 -c:v hevc_nvenc -preset p2 -tune hq -cq:v 32.1
32.2;-pix_fmt yuv420p10le -rc vbr -b:v 0 -c:v hevc_nvenc -preset p2 -tune hq -cq:v 32.2
32.3;-pix_fmt yuv420p10le -rc vbr -b:v 0 -c:v hevc_nvenc -preset p2 -tune hq -cq:v 32.3
32.4;-pix_fmt yuv420p10le -rc vbr -b:v 0 -c:v hevc_nvenc -preset p2 -tune hq -cq:v 32.4
32.5;-pix_fmt yuv420p10le -rc vbr -b:v 0 -c:v hevc_nvenc -preset p2 -tune hq -cq:v 32.5
32.6;-pix_fmt yuv420p10le -rc vbr -b:v 0 -c:v hevc_nvenc -preset p2 -tune hq -cq:v 32.6
32.7;-pix_fmt yuv420p10le -rc vbr -b:v 0 -c:v hevc_nvenc -preset p2 -tune hq -cq:v 32.7
32.8;-pix_fmt yuv420p10le -rc vbr -b:v 0 -c:v hevc_nvenc -preset p2 -tune hq -cq:v 32.8
32.9;-pix_fmt yuv420p10le -rc vbr -b:v 0 -c:v hevc_nvenc -preset p2 -tune hq -cq:v 32.9
33;-pix_fmt yuv420p10le -rc vbr -b:v 0 -c:v hevc_nvenc -preset p2 -tune hq -cq:v 33
33;-pix_fmt yuv420p10le -rc vbr -b:v 0 -c:v hevc_nvenc -preset p2 -tune hq -cq:v 33.0
33.1;-pix_fmt yuv420p10le -rc vbr -b:v 0 -c:v hevc_nvenc -preset p2 -tune hq -cq:v 33.1
33.1;-pix_fmt yuv420p10le -rc vbr -b:v 0 -c:v hevc_nvenc -preset p2 -tune hq -cq:v 33.1
33.2;-pix_fmt yuv420p10le -rc vbr -b:v 0 -c:v hevc_nvenc -preset p2 -tune hq -cq:v 33.2
33.2;-pix_fmt yuv420p10le -rc vbr -b:v 0 -c:v hevc_nvenc -preset p2 -tune hq -cq:v 33.2
33.3;-pix_fmt yuv420p10le -rc vbr -b:v 0 -c:v hevc_nvenc -preset p2 -tune hq -cq:v 33.3
33.3;-pix_fmt yuv420p10le -rc vbr -b:v 0 -c:v hevc_nvenc -preset p2 -tune hq -cq:v 33.3
33.4;-pix_fmt yuv420p10le -rc vbr -b:v 0 -c:v hevc_nvenc -preset p2 -tune hq -cq:v 33.4
33.4;-pix_fmt yuv420p10le -rc vbr -b:v 0 -c:v hevc_nvenc -preset p2 -tune hq -cq:v 33.4
33.5;-pix_fmt yuv420p10le -rc vbr -b:v 0 -c:v hevc_nvenc -preset p2 -tune hq -cq:v 33.5
33.5;-pix_fmt yuv420p10le -rc vbr -b:v 0 -c:v hevc_nvenc -preset p2 -tune hq -cq:v 33.5
33.6;-pix_fmt yuv420p10le -rc vbr -b:v 0 -c:v hevc_nvenc -preset p2 -tune hq -cq:v 33.6
33.6;-pix_fmt yuv420p10le -rc vbr -b:v 0 -c:v hevc_nvenc -preset p2 -tune hq -cq:v 33.6
33.7;-pix_fmt yuv420p10le -rc vbr -b:v 0 -c:v hevc_nvenc -preset p2 -tune hq -cq:v 33.7
33.7;-pix_fmt yuv420p10le -rc vbr -b:v 0 -c:v hevc_nvenc -preset p2 -tune hq -cq:v 33.7
33.8;-pix_fmt yuv420p10le -rc vbr -b:v 0 -c:v hevc_nvenc -preset p2 -tune hq -cq:v 33.8
33.8;-pix_fmt yuv420p10le -rc vbr -b:v 0 -c:v hevc_nvenc -preset p2 -tune hq -cq:v 33.8
33.9;-pix_fmt yuv420p10le -rc vbr -b:v 0 -c:v hevc_nvenc -preset p2 -tune hq -cq:v 33.9
33.9;-pix_fmt yuv420p10le -rc vbr -b:v 0 -c:v hevc_nvenc -preset p2 -tune hq -cq:v 33.9
34;-pix_fmt yuv420p10le -rc vbr -b:v 0 -c:v hevc_nvenc -preset p2 -tune hq -cq:v 34
34.1;-pix_fmt yuv420p10le -rc vbr -b:v 0 -c:v hevc_nvenc -preset p2 -tune hq -cq:v 34.1
34.2;-pix_fmt yuv420p10le -rc vbr -b:v 0 -c:v hevc_nvenc -preset p2 -tune hq -cq:v 34.2
34.3;-pix_fmt yuv420p10le -rc vbr -b:v 0 -c:v hevc_nvenc -preset p2 -tune hq -cq:v 34.3
34.4;-pix_fmt yuv420p10le -rc vbr -b:v 0 -c:v hevc_nvenc -preset p2 -tune hq -cq:v 34.4
34.5;-pix_fmt yuv420p10le -rc vbr -b:v 0 -c:v hevc_nvenc -preset p2 -tune hq -cq:v 34.5
34.6;-pix_fmt yuv420p10le -rc vbr -b:v 0 -c:v hevc_nvenc -preset p2 -tune hq -cq:v 34.6
34.7;-pix_fmt yuv420p10le -rc vbr -b:v 0 -c:v hevc_nvenc -preset p2 -tune hq -cq:v 34.7
34.8;-pix_fmt yuv420p10le -rc vbr -b:v 0 -c:v hevc_nvenc -preset p2 -tune hq -cq:v 34.8
34.9;-pix_fmt yuv420p10le -rc vbr -b:v 0 -c:v hevc_nvenc -preset p2 -tune hq -cq:v 34.9
35;-pix_fmt yuv420p10le -rc vbr -b:v 0 -c:v hevc_nvenc -preset p2 -tune hq -cq:v 35
22;-pix_fmt yuv420p10le -rc vbr -b:v 0 -c:v hevc_nvenc -preset p3 -tune hq -cq:v 22
23;-pix_fmt yuv420p10le -rc vbr -b:v 0 -c:v hevc_nvenc -preset p3 -tune hq -cq:v 23
24;-pix_fmt yuv420p10le -rc vbr -b:v 0 -c:v hevc_nvenc -preset p3 -tune hq -cq:v 24
25;-pix_fmt yuv420p10le -rc vbr -b:v 0 -c:v hevc_nvenc -preset p3 -tune hq -cq:v 25
26;-pix_fmt yuv420p10le -rc vbr -b:v 0 -c:v hevc_nvenc -preset p3 -tune hq -cq:v 26
27;-pix_fmt yuv420p10le -rc vbr -b:v 0 -c:v hevc_nvenc -preset p3 -tune hq -cq:v 27
28;-pix_fmt yuv420p10le -rc vbr -b:v 0 -c:v hevc_nvenc -preset p3 -tune hq -cq:v 28
29;-pix_fmt yuv420p10le -rc vbr -b:v 0 -c:v hevc_nvenc -preset p3 -tune hq -cq:v 29
30;-pix_fmt yuv420p10le -rc vbr -b:v 0 -c:v hevc_nvenc -preset p3 -tune hq -cq:v 30
31;-pix_fmt yuv420p10le -rc vbr -b:v 0 -c:v hevc_nvenc -preset p3 -tune hq -cq:v 31
32;-pix_fmt yuv420p10le -rc vbr -b:v 0 -c:v hevc_nvenc -preset p3 -tune hq -cq:v 32
32.1;-pix_fmt yuv420p10le -rc vbr -b:v 0 -c:v hevc_nvenc -preset p3 -tune hq -cq:v 32.1
32.2;-pix_fmt yuv420p10le -rc vbr -b:v 0 -c:v hevc_nvenc -preset p3 -tune hq -cq:v 32.2
32.3;-pix_fmt yuv420p10le -rc vbr -b:v 0 -c:v hevc_nvenc -preset p3 -tune hq -cq:v 32.3
32.4;-pix_fmt yuv420p10le -rc vbr -b:v 0 -c:v hevc_nvenc -preset p3 -tune hq -cq:v 32.4
32.5;-pix_fmt yuv420p10le -rc vbr -b:v 0 -c:v hevc_nvenc -preset p3 -tune hq -cq:v 32.5
32.6;-pix_fmt yuv420p10le -rc vbr -b:v 0 -c:v hevc_nvenc -preset p3 -tune hq -cq:v 32.6
32.7;-pix_fmt yuv420p10le -rc vbr -b:v 0 -c:v hevc_nvenc -preset p3 -tune hq -cq:v 32.7
32.8;-pix_fmt yuv420p10le -rc vbr -b:v 0 -c:v hevc_nvenc -preset p3 -tune hq -cq:v 32.8
32.9;-pix_fmt yuv420p10le -rc vbr -b:v 0 -c:v hevc_nvenc -preset p3 -tune hq -cq:v 32.9
33;-pix_fmt yuv420p10le -rc vbr -b:v 0 -c:v hevc_nvenc -preset p3 -tune hq -cq:v 33
33.1;-pix_fmt yuv420p10le -rc vbr -b:v 0 -c:v hevc_nvenc -preset p3 -tune hq -cq:v 33.1
33.2;-pix_fmt yuv420p10le -rc vbr -b:v 0 -c:v hevc_nvenc -preset p3 -tune hq -cq:v 33.2
33.3;-pix_fmt yuv420p10le -rc vbr -b:v 0 -c:v hevc_nvenc -preset p3 -tune hq -cq:v 33.3
33.4;-pix_fmt yuv420p10le -rc vbr -b:v 0 -c:v hevc_nvenc -preset p3 -tune hq -cq:v 33.4
33.5;-pix_fmt yuv420p10le -rc vbr -b:v 0 -c:v hevc_nvenc -preset p3 -tune hq -cq:v 33.5
33.6;-pix_fmt yuv420p10le -rc vbr -b:v 0 -c:v hevc_nvenc -preset p3 -tune hq -cq:v 33.6
33.7;-pix_fmt yuv420p10le -rc vbr -b:v 0 -c:v hevc_nvenc -preset p3 -tune hq -cq:v 33.7
33.8;-pix_fmt yuv420p10le -rc vbr -b:v 0 -c:v hevc_nvenc -preset p3 -tune hq -cq:v 33.8
33.9;-pix_fmt yuv420p10le -rc vbr -b:v 0 -c:v hevc_nvenc -preset p3 -tune hq -cq:v 33.9
34;-pix_fmt yuv420p10le -rc vbr -b:v 0 -c:v hevc_nvenc -preset p3 -tune hq -cq:v 34
35;-pix_fmt yuv420p10le -rc vbr -b:v 0 -c:v hevc_nvenc -preset p3 -tune hq -cq:v 35
22;-pix_fmt yuv420p10le -rc vbr -b:v 0 -c:v hevc_nvenc -preset p4 -tune hq -cq:v 22
23;-pix_fmt yuv420p10le -rc vbr -b:v 0 -c:v hevc_nvenc -preset p4 -tune hq -cq:v 23
24;-pix_fmt yuv420p10le -rc vbr -b:v 0 -c:v hevc_nvenc -preset p4 -tune hq -cq:v 24
25;-pix_fmt yuv420p10le -rc vbr -b:v 0 -c:v hevc_nvenc -preset p4 -tune hq -cq:v 25
26;-pix_fmt yuv420p10le -rc vbr -b:v 0 -c:v hevc_nvenc -preset p4 -tune hq -cq:v 26
27;-pix_fmt yuv420p10le -rc vbr -b:v 0 -c:v hevc_nvenc -preset p4 -tune hq -cq:v 27
28;-pix_fmt yuv420p10le -rc vbr -b:v 0 -c:v hevc_nvenc -preset p4 -tune hq -cq:v 28
29;-pix_fmt yuv420p10le -rc vbr -b:v 0 -c:v hevc_nvenc -preset p4 -tune hq -cq:v 29
30;-pix_fmt yuv420p10le -rc vbr -b:v 0 -c:v hevc_nvenc -preset p4 -tune hq -cq:v 30
31;-pix_fmt yuv420p10le -rc vbr -b:v 0 -c:v hevc_nvenc -preset p4 -tune hq -cq:v 31
32;-pix_fmt yuv420p10le -rc vbr -b:v 0 -c:v hevc_nvenc -preset p4 -tune hq -cq:v 32
32.1;-pix_fmt yuv420p10le -rc vbr -b:v 0 -c:v hevc_nvenc -preset p4 -tune hq -cq:v 32.1
32.2;-pix_fmt yuv420p10le -rc vbr -b:v 0 -c:v hevc_nvenc -preset p4 -tune hq -cq:v 32.2
32.3;-pix_fmt yuv420p10le -rc vbr -b:v 0 -c:v hevc_nvenc -preset p4 -tune hq -cq:v 32.3
32.4;-pix_fmt yuv420p10le -rc vbr -b:v 0 -c:v hevc_nvenc -preset p4 -tune hq -cq:v 32.4
32.5;-pix_fmt yuv420p10le -rc vbr -b:v 0 -c:v hevc_nvenc -preset p4 -tune hq -cq:v 32.5
32.6;-pix_fmt yuv420p10le -rc vbr -b:v 0 -c:v hevc_nvenc -preset p4 -tune hq -cq:v 32.6
32.7;-pix_fmt yuv420p10le -rc vbr -b:v 0 -c:v hevc_nvenc -preset p4 -tune hq -cq:v 32.7
32.8;-pix_fmt yuv420p10le -rc vbr -b:v 0 -c:v hevc_nvenc -preset p4 -tune hq -cq:v 32.8
32.9;-pix_fmt yuv420p10le -rc vbr -b:v 0 -c:v hevc_nvenc -preset p4 -tune hq -cq:v 32.9
33;-pix_fmt yuv420p10le -rc vbr -b:v 0 -c:v hevc_nvenc -preset p4 -tune hq -cq:v 33
33.1;-pix_fmt yuv420p10le -rc vbr -b:v 0 -c:v hevc_nvenc -preset p4 -tune hq -cq:v 33.1
33.2;-pix_fmt yuv420p10le -rc vbr -b:v 0 -c:v hevc_nvenc -preset p4 -tune hq -cq:v 33.2
33.3;-pix_fmt yuv420p10le -rc vbr -b:v 0 -c:v hevc_nvenc -preset p4 -tune hq -cq:v 33.3
33.4;-pix_fmt yuv420p10le -rc vbr -b:v 0 -c:v hevc_nvenc -preset p4 -tune hq -cq:v 33.4
33.5;-pix_fmt yuv420p10le -rc vbr -b:v 0 -c:v hevc_nvenc -preset p4 -tune hq -cq:v 33.5
33.6;-pix_fmt yuv420p10le -rc vbr -b:v 0 -c:v hevc_nvenc -preset p4 -tune hq -cq:v 33.6
33.7;-pix_fmt yuv420p10le -rc vbr -b:v 0 -c:v hevc_nvenc -preset p4 -tune hq -cq:v 33.7
33.8;-pix_fmt yuv420p10le -rc vbr -b:v 0 -c:v hevc_nvenc -preset p4 -tune hq -cq:v 33.8
33.9;-pix_fmt yuv420p10le -rc vbr -b:v 0 -c:v hevc_nvenc -preset p4 -tune hq -cq:v 33.9
34;-pix_fmt yuv420p10le -rc vbr -b:v 0 -c:v hevc_nvenc -preset p4 -tune hq -cq:v 34
35;-pix_fmt yuv420p10le -rc vbr -b:v 0 -c:v hevc_nvenc -preset p4 -tune hq -cq:v 35
22;-pix_fmt yuv420p10le -rc vbr -b:v 0 -c:v hevc_nvenc -preset p5 -tune hq -cq:v 22
23;-pix_fmt yuv420p10le -rc vbr -b:v 0 -c:v hevc_nvenc -preset p5 -tune hq -cq:v 23
24;-pix_fmt yuv420p10le -rc vbr -b:v 0 -c:v hevc_nvenc -preset p5 -tune hq -cq:v 24
25;-pix_fmt yuv420p10le -rc vbr -b:v 0 -c:v hevc_nvenc -preset p5 -tune hq -cq:v 25
26;-pix_fmt yuv420p10le -rc vbr -b:v 0 -c:v hevc_nvenc -preset p5 -tune hq -cq:v 26
27;-pix_fmt yuv420p10le -rc vbr -b:v 0 -c:v hevc_nvenc -preset p5 -tune hq -cq:v 27
28;-pix_fmt yuv420p10le -rc vbr -b:v 0 -c:v hevc_nvenc -preset p5 -tune hq -cq:v 28
29;-pix_fmt yuv420p10le -rc vbr -b:v 0 -c:v hevc_nvenc -preset p5 -tune hq -cq:v 29
30;-pix_fmt yuv420p10le -rc vbr -b:v 0 -c:v hevc_nvenc -preset p5 -tune hq -cq:v 30
31;-pix_fmt yuv420p10le -rc vbr -b:v 0 -c:v hevc_nvenc -preset p5 -tune hq -cq:v 31
32;-pix_fmt yuv420p10le -rc vbr -b:v 0 -c:v hevc_nvenc -preset p5 -tune hq -cq:v 32
32.1;-pix_fmt yuv420p10le -rc vbr -b:v 0 -c:v hevc_nvenc -preset p5 -tune hq -cq:v 32.1
32.2;-pix_fmt yuv420p10le -rc vbr -b:v 0 -c:v hevc_nvenc -preset p5 -tune hq -cq:v 32.2
32.3;-pix_fmt yuv420p10le -rc vbr -b:v 0 -c:v hevc_nvenc -preset p5 -tune hq -cq:v 32.3
32.4;-pix_fmt yuv420p10le -rc vbr -b:v 0 -c:v hevc_nvenc -preset p5 -tune hq -cq:v 32.4
32.5;-pix_fmt yuv420p10le -rc vbr -b:v 0 -c:v hevc_nvenc -preset p5 -tune hq -cq:v 32.5
32.6;-pix_fmt yuv420p10le -rc vbr -b:v 0 -c:v hevc_nvenc -preset p5 -tune hq -cq:v 32.6
32.7;-pix_fmt yuv420p10le -rc vbr -b:v 0 -c:v hevc_nvenc -preset p5 -tune hq -cq:v 32.7
32.8;-pix_fmt yuv420p10le -rc vbr -b:v 0 -c:v hevc_nvenc -preset p5 -tune hq -cq:v 32.8
32.9;-pix_fmt yuv420p10le -rc vbr -b:v 0 -c:v hevc_nvenc -preset p5 -tune hq -cq:v 32.9
33;-pix_fmt yuv420p10le -rc vbr -b:v 0 -c:v hevc_nvenc -preset p5 -tune hq -cq:v 33
33.1;-pix_fmt yuv420p10le -rc vbr -b:v 0 -c:v hevc_nvenc -preset p5 -tune hq -cq:v 33.1
33.2;-pix_fmt yuv420p10le -rc vbr -b:v 0 -c:v hevc_nvenc -preset p5 -tune hq -cq:v 33.2
33.3;-pix_fmt yuv420p10le -rc vbr -b:v 0 -c:v hevc_nvenc -preset p5 -tune hq -cq:v 33.3
33.4;-pix_fmt yuv420p10le -rc vbr -b:v 0 -c:v hevc_nvenc -preset p5 -tune hq -cq:v 33.4
33.5;-pix_fmt yuv420p10le -rc vbr -b:v 0 -c:v hevc_nvenc -preset p5 -tune hq -cq:v 33.5
33.6;-pix_fmt yuv420p10le -rc vbr -b:v 0 -c:v hevc_nvenc -preset p5 -tune hq -cq:v 33.6
33.7;-pix_fmt yuv420p10le -rc vbr -b:v 0 -c:v hevc_nvenc -preset p5 -tune hq -cq:v 33.7
33.8;-pix_fmt yuv420p10le -rc vbr -b:v 0 -c:v hevc_nvenc -preset p5 -tune hq -cq:v 33.8
33.9;-pix_fmt yuv420p10le -rc vbr -b:v 0 -c:v hevc_nvenc -preset p5 -tune hq -cq:v 33.9
34;-pix_fmt yuv420p10le -rc vbr -b:v 0 -c:v hevc_nvenc -preset p5 -tune hq -cq:v 34
35;-pix_fmt yuv420p10le -rc vbr -b:v 0 -c:v hevc_nvenc -preset p5 -tune hq -cq:v 35
22;-pix_fmt yuv420p10le -rc vbr -b:v 0 -c:v hevc_nvenc -preset p6 -tune hq -cq:v 22
23;-pix_fmt yuv420p10le -rc vbr -b:v 0 -c:v hevc_nvenc -preset p6 -tune hq -cq:v 23
24;-pix_fmt yuv420p10le -rc vbr -b:v 0 -c:v hevc_nvenc -preset p6 -tune hq -cq:v 24
25;-pix_fmt yuv420p10le -rc vbr -b:v 0 -c:v hevc_nvenc -preset p6 -tune hq -cq:v 25
26;-pix_fmt yuv420p10le -rc vbr -b:v 0 -c:v hevc_nvenc -preset p6 -tune hq -cq:v 26
27;-pix_fmt yuv420p10le -rc vbr -b:v 0 -c:v hevc_nvenc -preset p6 -tune hq -cq:v 27
28;-pix_fmt yuv420p10le -rc vbr -b:v 0 -c:v hevc_nvenc -preset p6 -tune hq -cq:v 28
29;-pix_fmt yuv420p10le -rc vbr -b:v 0 -c:v hevc_nvenc -preset p6 -tune hq -cq:v 29
30;-pix_fmt yuv420p10le -rc vbr -b:v 0 -c:v hevc_nvenc -preset p6 -tune hq -cq:v 30
31;-pix_fmt yuv420p10le -rc vbr -b:v 0 -c:v hevc_nvenc -preset p6 -tune hq -cq:v 31
32;-pix_fmt yuv420p10le -rc vbr -b:v 0 -c:v hevc_nvenc -preset p6 -tune hq -cq:v 32
32.1;-pix_fmt yuv420p10le -rc vbr -b:v 0 -c:v hevc_nvenc -preset p6 -tune hq -cq:v 32.1
32.2;-pix_fmt yuv420p10le -rc vbr -b:v 0 -c:v hevc_nvenc -preset p6 -tune hq -cq:v 32.2
32.3;-pix_fmt yuv420p10le -rc vbr -b:v 0 -c:v hevc_nvenc -preset p6 -tune hq -cq:v 32.3
32.4;-pix_fmt yuv420p10le -rc vbr -b:v 0 -c:v hevc_nvenc -preset p6 -tune hq -cq:v 32.4
32.5;-pix_fmt yuv420p10le -rc vbr -b:v 0 -c:v hevc_nvenc -preset p6 -tune hq -cq:v 32.5
32.6;-pix_fmt yuv420p10le -rc vbr -b:v 0 -c:v hevc_nvenc -preset p6 -tune hq -cq:v 32.6
32.7;-pix_fmt yuv420p10le -rc vbr -b:v 0 -c:v hevc_nvenc -preset p6 -tune hq -cq:v 32.7
32.8;-pix_fmt yuv420p10le -rc vbr -b:v 0 -c:v hevc_nvenc -preset p6 -tune hq -cq:v 32.8
32.9;-pix_fmt yuv420p10le -rc vbr -b:v 0 -c:v hevc_nvenc -preset p6 -tune hq -cq:v 32.9
33;-pix_fmt yuv420p10le -rc vbr -b:v 0 -c:v hevc_nvenc -preset p6 -tune hq -cq:v 33
33.1;-pix_fmt yuv420p10le -rc vbr -b:v 0 -c:v hevc_nvenc -preset p6 -tune hq -cq:v 33.1
33.2;-pix_fmt yuv420p10le -rc vbr -b:v 0 -c:v hevc_nvenc -preset p6 -tune hq -cq:v 33.2
33.3;-pix_fmt yuv420p10le -rc vbr -b:v 0 -c:v hevc_nvenc -preset p6 -tune hq -cq:v 33.3
33.4;-pix_fmt yuv420p10le -rc vbr -b:v 0 -c:v hevc_nvenc -preset p6 -tune hq -cq:v 33.4
33.5;-pix_fmt yuv420p10le -rc vbr -b:v 0 -c:v hevc_nvenc -preset p6 -tune hq -cq:v 33.5
33.6;-pix_fmt yuv420p10le -rc vbr -b:v 0 -c:v hevc_nvenc -preset p6 -tune hq -cq:v 33.6
33.7;-pix_fmt yuv420p10le -rc vbr -b:v 0 -c:v hevc_nvenc -preset p6 -tune hq -cq:v 33.7
33.8;-pix_fmt yuv420p10le -rc vbr -b:v 0 -c:v hevc_nvenc -preset p6 -tune hq -cq:v 33.8
33.9;-pix_fmt yuv420p10le -rc vbr -b:v 0 -c:v hevc_nvenc -preset p6 -tune hq -cq:v 33.9
34;-pix_fmt yuv420p10le -rc vbr -b:v 0 -c:v hevc_nvenc -preset p6 -tune hq -cq:v 34
35;-pix_fmt yuv420p10le -rc vbr -b:v 0 -c:v hevc_nvenc -preset p6 -tune hq -cq:v 35
22;-pix_fmt yuv420p10le -rc vbr -b:v 0 -c:v hevc_nvenc -preset p7 -tune hq -cq:v 22
23;-pix_fmt yuv420p10le -rc vbr -b:v 0 -c:v hevc_nvenc -preset p7 -tune hq -cq:v 23
24;-pix_fmt yuv420p10le -rc vbr -b:v 0 -c:v hevc_nvenc -preset p7 -tune hq -cq:v 24
25;-pix_fmt yuv420p10le -rc vbr -b:v 0 -c:v hevc_nvenc -preset p7 -tune hq -cq:v 25
26;-pix_fmt yuv420p10le -rc vbr -b:v 0 -c:v hevc_nvenc -preset p7 -tune hq -cq:v 26
27;-pix_fmt yuv420p10le -rc vbr -b:v 0 -c:v hevc_nvenc -preset p7 -tune hq -cq:v 27
28;-pix_fmt yuv420p10le -rc vbr -b:v 0 -c:v hevc_nvenc -preset p7 -tune hq -cq:v 28
29;-pix_fmt yuv420p10le -rc vbr -b:v 0 -c:v hevc_nvenc -preset p7 -tune hq -cq:v 29
30;-pix_fmt yuv420p10le -rc vbr -b:v 0 -c:v hevc_nvenc -preset p7 -tune hq -cq:v 30
31;-pix_fmt yuv420p10le -rc vbr -b:v 0 -c:v hevc_nvenc -preset p7 -tune hq -cq:v 31
32;-pix_fmt yuv420p10le -rc vbr -b:v 0 -c:v hevc_nvenc -preset p7 -tune hq -cq:v 32
32.1;-pix_fmt yuv420p10le -rc vbr -b:v 0 -c:v hevc_nvenc -preset p7 -tune hq -cq:v 32.1
32.2;-pix_fmt yuv420p10le -rc vbr -b:v 0 -c:v hevc_nvenc -preset p7 -tune hq -cq:v 32.2
32.3;-pix_fmt yuv420p10le -rc vbr -b:v 0 -c:v hevc_nvenc -preset p7 -tune hq -cq:v 32.3
32.4;-pix_fmt yuv420p10le -rc vbr -b:v 0 -c:v hevc_nvenc -preset p7 -tune hq -cq:v 32.4
32.5;-pix_fmt yuv420p10le -rc vbr -b:v 0 -c:v hevc_nvenc -preset p7 -tune hq -cq:v 32.5
32.6;-pix_fmt yuv420p10le -rc vbr -b:v 0 -c:v hevc_nvenc -preset p7 -tune hq -cq:v 32.6
32.7;-pix_fmt yuv420p10le -rc vbr -b:v 0 -c:v hevc_nvenc -preset p7 -tune hq -cq:v 32.7
32.8;-pix_fmt yuv420p10le -rc vbr -b:v 0 -c:v hevc_nvenc -preset p7 -tune hq -cq:v 32.8
32.9;-pix_fmt yuv420p10le -rc vbr -b:v 0 -c:v hevc_nvenc -preset p7 -tune hq -cq:v 32.9
33;-pix_fmt yuv420p10le -rc vbr -b:v 0 -c:v hevc_nvenc -preset p7 -tune hq -cq:v 33
33.1;-pix_fmt yuv420p10le -rc vbr -b:v 0 -c:v hevc_nvenc -preset p7 -tune hq -cq:v 33.1
33.2;-pix_fmt yuv420p10le -rc vbr -b:v 0 -c:v hevc_nvenc -preset p7 -tune hq -cq:v 33.2
33.3;-pix_fmt yuv420p10le -rc vbr -b:v 0 -c:v hevc_nvenc -preset p7 -tune hq -cq:v 33.3
33.4;-pix_fmt yuv420p10le -rc vbr -b:v 0 -c:v hevc_nvenc -preset p7 -tune hq -cq:v 33.4
33.5;-pix_fmt yuv420p10le -rc vbr -b:v 0 -c:v hevc_nvenc -preset p7 -tune hq -cq:v 33.5
33.6;-pix_fmt yuv420p10le -rc vbr -b:v 0 -c:v hevc_nvenc -preset p7 -tune hq -cq:v 33.6
33.7;-pix_fmt yuv420p10le -rc vbr -b:v 0 -c:v hevc_nvenc -preset p7 -tune hq -cq:v 33.7
33.8;-pix_fmt yuv420p10le -rc vbr -b:v 0 -c:v hevc_nvenc -preset p7 -tune hq -cq:v 33.8
33.9;-pix_fmt yuv420p10le -rc vbr -b:v 0 -c:v hevc_nvenc -preset p7 -tune hq -cq:v 33.9
34;-pix_fmt yuv420p10le -rc vbr -b:v 0 -c:v hevc_nvenc -preset p7 -tune hq -cq:v 34
35;-pix_fmt yuv420p10le -rc vbr -b:v 0 -c:v hevc_nvenc -preset p7 -tune hq -cq:v 35
22;-pix_fmt yuv420p10le -rc vbr -b:v 0 -c:v hevc_nvenc -preset p7 -tune hq -g 600 -keyint_min 600 -cq:v 22
23;-pix_fmt yuv420p10le -rc vbr -b:v 0 -c:v hevc_nvenc -preset p7 -tune hq -g 600 -keyint_min 600 -cq:v 23
24;-pix_fmt yuv420p10le -rc vbr -b:v 0 -c:v hevc_nvenc -preset p7 -tune hq -g 600 -keyint_min 600 -cq:v 24
25;-pix_fmt yuv420p10le -rc vbr -b:v 0 -c:v hevc_nvenc -preset p7 -tune hq -g 600 -keyint_min 600 -cq:v 25
26;-pix_fmt yuv420p10le -rc vbr -b:v 0 -c:v hevc_nvenc -preset p7 -tune hq -g 600 -keyint_min 600 -cq:v 26
27;-pix_fmt yuv420p10le -rc vbr -b:v 0 -c:v hevc_nvenc -preset p7 -tune hq -g 600 -keyint_min 600 -cq:v 27
28;-pix_fmt yuv420p10le -rc vbr -b:v 0 -c:v hevc_nvenc -preset p7 -tune hq -g 600 -keyint_min 600 -cq:v 28
29;-pix_fmt yuv420p10le -rc vbr -b:v 0 -c:v hevc_nvenc -preset p7 -tune hq -g 600 -keyint_min 600 -cq:v 29
30;-pix_fmt yuv420p10le -rc vbr -b:v 0 -c:v hevc_nvenc -preset p7 -tune hq -g 600 -keyint_min 600 -cq:v 30
31;-pix_fmt yuv420p10le -rc vbr -b:v 0 -c:v hevc_nvenc -preset p7 -tune hq -g 600 -keyint_min 600 -cq:v 31
32;-pix_fmt yuv420p10le -rc vbr -b:v 0 -c:v hevc_nvenc -preset p7 -tune hq -g 600 -keyint_min 600 -cq:v 32
33;-pix_fmt yuv420p10le -rc vbr -b:v 0 -c:v hevc_nvenc -preset p7 -tune hq -g 600 -keyint_min 600 -cq:v 33
33.1;-pix_fmt yuv420p10le -rc vbr -b:v 0 -c:v hevc_nvenc -preset p7 -tune hq -g 600 -keyint_min 600 -cq:v 33.1
33.2;-pix_fmt yuv420p10le -rc vbr -b:v 0 -c:v hevc_nvenc -preset p7 -tune hq -g 600 -keyint_min 600 -cq:v 33.2
33.3;-pix_fmt yuv420p10le -rc vbr -b:v 0 -c:v hevc_nvenc -preset p7 -tune hq -g 600 -keyint_min 600 -cq:v 33.3
33.4;-pix_fmt yuv420p10le -rc vbr -b:v 0 -c:v hevc_nvenc -preset p7 -tune hq -g 600 -keyint_min 600 -cq:v 33.4
33.5;-pix_fmt yuv420p10le -rc vbr -b:v 0 -c:v hevc_nvenc -preset p7 -tune hq -g 600 -keyint_min 600 -cq:v 33.5
33.6;-pix_fmt yuv420p10le -rc vbr -b:v 0 -c:v hevc_nvenc -preset p7 -tune hq -g 600 -keyint_min 600 -cq:v 33.6
33.7;-pix_fmt yuv420p10le -rc vbr -b:v 0 -c:v hevc_nvenc -preset p7 -tune hq -g 600 -keyint_min 600 -cq:v 33.7
33.8;-pix_fmt yuv420p10le -rc vbr -b:v 0 -c:v hevc_nvenc -preset p7 -tune hq -g 600 -keyint_min 600 -cq:v 33.8
33.9;-pix_fmt yuv420p10le -rc vbr -b:v 0 -c:v hevc_nvenc -preset p7 -tune hq -g 600 -keyint_min 600 -cq:v 33.9
34;-pix_fmt yuv420p10le -rc vbr -b:v 0 -c:v hevc_nvenc -preset p7 -tune hq -g 600 -keyint_min 600 -cq:v 34
22;-rc vbr -b:v 0 -c:v hevc_nvenc -cq:v 22
23;-rc vbr -b:v 0 -c:v hevc_nvenc -cq:v 23
24;-rc vbr -b:v 0 -c:v hevc_nvenc -cq:v 24
25;-rc vbr -b:v 0 -c:v hevc_nvenc -cq:v 25
26;-rc vbr -b:v 0 -c:v hevc_nvenc -cq:v 26
26.1;-rc vbr -b:v 0 -c:v hevc_nvenc -cq:v 26.1
26.2;-rc vbr -b:v 0 -c:v hevc_nvenc -cq:v 26.2
26.3;-rc vbr -b:v 0 -c:v hevc_nvenc -cq:v 26.3
26.4;-rc vbr -b:v 0 -c:v hevc_nvenc -cq:v 26.4
26.5;-rc vbr -b:v 0 -c:v hevc_nvenc -cq:v 26.5
26.6;-rc vbr -b:v 0 -c:v hevc_nvenc -cq:v 26.6
26.7;-rc vbr -b:v 0 -c:v hevc_nvenc -cq:v 26.7
26.8;-rc vbr -b:v 0 -c:v hevc_nvenc -cq:v 26.8
26.9;-rc vbr -b:v 0 -c:v hevc_nvenc -cq:v 26.9
27;-rc vbr -b:v 0 -c:v hevc_nvenc -cq:v 27
28;-rc vbr -b:v 0 -c:v hevc_nvenc -cq:v 28
29;-rc vbr -b:v 0 -c:v hevc_nvenc -cq:v 29
30;-rc vbr -b:v 0 -c:v hevc_nvenc -cq:v 30
31;-rc vbr -b:v 0 -c:v hevc_nvenc -cq:v 31
32;-rc vbr -b:v 0 -c:v hevc_nvenc -cq:v 32
33;-rc vbr -b:v 0 -c:v hevc_nvenc -cq:v 33
34;-rc vbr -b:v 0 -c:v hevc_nvenc -cq:v 34
22;-rc vbr -b:v 0 -c:v hevc_nvenc -preset p1 -cq:v 22
23;-rc vbr -b:v 0 -c:v hevc_nvenc -preset p1 -cq:v 23
24;-rc vbr -b:v 0 -c:v hevc_nvenc -preset p1 -cq:v 24
25;-rc vbr -b:v 0 -c:v hevc_nvenc -preset p1 -cq:v 25
26;-rc vbr -b:v 0 -c:v hevc_nvenc -preset p1 -cq:v 26
27;-rc vbr -b:v 0 -c:v hevc_nvenc -preset p1 -cq:v 27
27.1;-rc vbr -b:v 0 -c:v hevc_nvenc -preset p1 -cq:v 27.1
27.2;-rc vbr -b:v 0 -c:v hevc_nvenc -preset p1 -cq:v 27.2
27.3;-rc vbr -b:v 0 -c:v hevc_nvenc -preset p1 -cq:v 27.3
27.4;-rc vbr -b:v 0 -c:v hevc_nvenc -preset p1 -cq:v 27.4
27.5;-rc vbr -b:v 0 -c:v hevc_nvenc -preset p1 -cq:v 27.5
27.6;-rc vbr -b:v 0 -c:v hevc_nvenc -preset p1 -cq:v 27.6
27.7;-rc vbr -b:v 0 -c:v hevc_nvenc -preset p1 -cq:v 27.7
27.8;-rc vbr -b:v 0 -c:v hevc_nvenc -preset p1 -cq:v 27.8
27.9;-rc vbr -b:v 0 -c:v hevc_nvenc -preset p1 -cq:v 27.9
28;-rc vbr -b:v 0 -c:v hevc_nvenc -preset p1 -cq:v 28
29;-rc vbr -b:v 0 -c:v hevc_nvenc -preset p1 -cq:v 29
30;-rc vbr -b:v 0 -c:v hevc_nvenc -preset p1 -cq:v 30
31;-rc vbr -b:v 0 -c:v hevc_nvenc -preset p1 -cq:v 31
32;-rc vbr -b:v 0 -c:v hevc_nvenc -preset p1 -cq:v 32
33;-rc vbr -b:v 0 -c:v hevc_nvenc -preset p1 -cq:v 33
34;-rc vbr -b:v 0 -c:v hevc_nvenc -preset p1 -cq:v 34
22;-rc vbr -b:v 0 -c:v hevc_nvenc -preset p1 -tune hq -cq:v 22
23;-rc vbr -b:v 0 -c:v hevc_nvenc -preset p1 -tune hq -cq:v 23
24;-rc vbr -b:v 0 -c:v hevc_nvenc -preset p1 -tune hq -cq:v 24
25;-rc vbr -b:v 0 -c:v hevc_nvenc -preset p1 -tune hq -cq:v 25
26;-rc vbr -b:v 0 -c:v hevc_nvenc -preset p1 -tune hq -cq:v 26
27;-rc vbr -b:v 0 -c:v hevc_nvenc -preset p1 -tune hq -cq:v 27
28;-rc vbr -b:v 0 -c:v hevc_nvenc -preset p1 -tune hq -cq:v 28
29;-rc vbr -b:v 0 -c:v hevc_nvenc -preset p1 -tune hq -cq:v 29
30;-rc vbr -b:v 0 -c:v hevc_nvenc -preset p1 -tune hq -cq:v 30
31;-rc vbr -b:v 0 -c:v hevc_nvenc -preset p1 -tune hq -cq:v 31
32;-rc vbr -b:v 0 -c:v hevc_nvenc -preset p1 -tune hq -cq:v 32
33;-rc vbr -b:v 0 -c:v hevc_nvenc -preset p1 -tune hq -cq:v 33
34;-rc vbr -b:v 0 -c:v hevc_nvenc -preset p1 -tune hq -cq:v 34
34.1;-rc vbr -b:v 0 -c:v hevc_nvenc -preset p1 -tune hq -cq:v 34.1
34.2;-rc vbr -b:v 0 -c:v hevc_nvenc -preset p1 -tune hq -cq:v 34.2
34.3;-rc vbr -b:v 0 -c:v hevc_nvenc -preset p1 -tune hq -cq:v 34.3
34.4;-rc vbr -b:v 0 -c:v hevc_nvenc -preset p1 -tune hq -cq:v 34.4
34.5;-rc vbr -b:v 0 -c:v hevc_nvenc -preset p1 -tune hq -cq:v 34.5
34.6;-rc vbr -b:v 0 -c:v hevc_nvenc -preset p1 -tune hq -cq:v 34.6
34.7;-rc vbr -b:v 0 -c:v hevc_nvenc -preset p1 -tune hq -cq:v 34.7
34.8;-rc vbr -b:v 0 -c:v hevc_nvenc -preset p1 -tune hq -cq:v 34.8
34.9;-rc vbr -b:v 0 -c:v hevc_nvenc -preset p1 -tune hq -cq:v 34.9
35;-rc vbr -b:v 0 -c:v hevc_nvenc -preset p1 -tune hq -cq:v 35.0
22;-rc vbr -b:v 0 -c:v hevc_nvenc -preset p2 -cq:v 22
23;-rc vbr -b:v 0 -c:v hevc_nvenc -preset p2 -cq:v 23
24;-rc vbr -b:v 0 -c:v hevc_nvenc -preset p2 -cq:v 24
25;-rc vbr -b:v 0 -c:v hevc_nvenc -preset p2 -cq:v 25
26;-rc vbr -b:v 0 -c:v hevc_nvenc -preset p2 -cq:v 26
27;-rc vbr -b:v 0 -c:v hevc_nvenc -preset p2 -cq:v 27
27.1;-rc vbr -b:v 0 -c:v hevc_nvenc -preset p2 -cq:v 27.1
27.2;-rc vbr -b:v 0 -c:v hevc_nvenc -preset p2 -cq:v 27.2
27.3;-rc vbr -b:v 0 -c:v hevc_nvenc -preset p2 -cq:v 27.3
27.4;-rc vbr -b:v 0 -c:v hevc_nvenc -preset p2 -cq:v 27.4
27.5;-rc vbr -b:v 0 -c:v hevc_nvenc -preset p2 -cq:v 27.5
27.6;-rc vbr -b:v 0 -c:v hevc_nvenc -preset p2 -cq:v 27.6
27.7;-rc vbr -b:v 0 -c:v hevc_nvenc -preset p2 -cq:v 27.7
27.8;-rc vbr -b:v 0 -c:v hevc_nvenc -preset p2 -cq:v 27.8
27.9;-rc vbr -b:v 0 -c:v hevc_nvenc -preset p2 -cq:v 27.9
28;-rc vbr -b:v 0 -c:v hevc_nvenc -preset p2 -cq:v 28
29;-rc vbr -b:v 0 -c:v hevc_nvenc -preset p2 -cq:v 29
30;-rc vbr -b:v 0 -c:v hevc_nvenc -preset p2 -cq:v 30
31;-rc vbr -b:v 0 -c:v hevc_nvenc -preset p2 -cq:v 31
32;-rc vbr -b:v 0 -c:v hevc_nvenc -preset p2 -cq:v 32
33;-rc vbr -b:v 0 -c:v hevc_nvenc -preset p2 -cq:v 33
34;-rc vbr -b:v 0 -c:v hevc_nvenc -preset p2 -cq:v 34
22;-rc vbr -b:v 0 -c:v hevc_nvenc -preset p2 -tune hq -cq:v 22
23;-rc vbr -b:v 0 -c:v hevc_nvenc -preset p2 -tune hq -cq:v 23
24;-rc vbr -b:v 0 -c:v hevc_nvenc -preset p2 -tune hq -cq:v 24
25;-rc vbr -b:v 0 -c:v hevc_nvenc -preset p2 -tune hq -cq:v 25
26;-rc vbr -b:v 0 -c:v hevc_nvenc -preset p2 -tune hq -cq:v 26
27;-rc vbr -b:v 0 -c:v hevc_nvenc -preset p2 -tune hq -cq:v 27
28;-rc vbr -b:v 0 -c:v hevc_nvenc -preset p2 -tune hq -cq:v 28
29;-rc vbr -b:v 0 -c:v hevc_nvenc -preset p2 -tune hq -cq:v 29
30;-rc vbr -b:v 0 -c:v hevc_nvenc -preset p2 -tune hq -cq:v 30
31;-rc vbr -b:v 0 -c:v hevc_nvenc -preset p2 -tune hq -cq:v 31
32;-rc vbr -b:v 0 -c:v hevc_nvenc -preset p2 -tune hq -cq:v 32
33;-rc vbr -b:v 0 -c:v hevc_nvenc -preset p2 -tune hq -cq:v 33
33.1;-rc vbr -b:v 0 -c:v hevc_nvenc -preset p2 -tune hq -cq:v 33.1
33.2;-rc vbr -b:v 0 -c:v hevc_nvenc -preset p2 -tune hq -cq:v 33.2
33.3;-rc vbr -b:v 0 -c:v hevc_nvenc -preset p2 -tune hq -cq:v 33.3
33.4;-rc vbr -b:v 0 -c:v hevc_nvenc -preset p2 -tune hq -cq:v 33.4
33.5;-rc vbr -b:v 0 -c:v hevc_nvenc -preset p2 -tune hq -cq:v 33.5
33.6;-rc vbr -b:v 0 -c:v hevc_nvenc -preset p2 -tune hq -cq:v 33.6
33.7;-rc vbr -b:v 0 -c:v hevc_nvenc -preset p2 -tune hq -cq:v 33.7
33.8;-rc vbr -b:v 0 -c:v hevc_nvenc -preset p2 -tune hq -cq:v 33.8
33.9;-rc vbr -b:v 0 -c:v hevc_nvenc -preset p2 -tune hq -cq:v 33.9
34;-rc vbr -b:v 0 -c:v hevc_nvenc -preset p2 -tune hq -cq:v 34
22;-rc vbr -b:v 0 -c:v hevc_nvenc -preset p3 -cq:v 22
23;-rc vbr -b:v 0 -c:v hevc_nvenc -preset p3 -cq:v 23
24;-rc vbr -b:v 0 -c:v hevc_nvenc -preset p3 -cq:v 24
25;-rc vbr -b:v 0 -c:v hevc_nvenc -preset p3 -cq:v 25
26;-rc vbr -b:v 0 -c:v hevc_nvenc -preset p3 -cq:v 26
26.1;-rc vbr -b:v 0 -c:v hevc_nvenc -preset p3 -cq:v 26.1
26.2;-rc vbr -b:v 0 -c:v hevc_nvenc -preset p3 -cq:v 26.2
26.3;-rc vbr -b:v 0 -c:v hevc_nvenc -preset p3 -cq:v 26.3
26.4;-rc vbr -b:v 0 -c:v hevc_nvenc -preset p3 -cq:v 26.4
26.5;-rc vbr -b:v 0 -c:v hevc_nvenc -preset p3 -cq:v 26.5
26.6;-rc vbr -b:v 0 -c:v hevc_nvenc -preset p3 -cq:v 26.6
26.7;-rc vbr -b:v 0 -c:v hevc_nvenc -preset p3 -cq:v 26.7
26.8;-rc vbr -b:v 0 -c:v hevc_nvenc -preset p3 -cq:v 26.8
26.9;-rc vbr -b:v 0 -c:v hevc_nvenc -preset p3 -cq:v 26.9
27;-rc vbr -b:v 0 -c:v hevc_nvenc -preset p3 -cq:v 27
28;-rc vbr -b:v 0 -c:v hevc_nvenc -preset p3 -cq:v 28
29;-rc vbr -b:v 0 -c:v hevc_nvenc -preset p3 -cq:v 29
30;-rc vbr -b:v 0 -c:v hevc_nvenc -preset p3 -cq:v 30
31;-rc vbr -b:v 0 -c:v hevc_nvenc -preset p3 -cq:v 31
32;-rc vbr -b:v 0 -c:v hevc_nvenc -preset p3 -cq:v 32
33;-rc vbr -b:v 0 -c:v hevc_nvenc -preset p3 -cq:v 33
34;-rc vbr -b:v 0 -c:v hevc_nvenc -preset p3 -cq:v 34
22;-rc vbr -b:v 0 -c:v hevc_nvenc -preset p3 -tune hq -cq:v 22
23;-rc vbr -b:v 0 -c:v hevc_nvenc -preset p3 -tune hq -cq:v 23
24;-rc vbr -b:v 0 -c:v hevc_nvenc -preset p3 -tune hq -cq:v 24
25;-rc vbr -b:v 0 -c:v hevc_nvenc -preset p3 -tune hq -cq:v 25
26;-rc vbr -b:v 0 -c:v hevc_nvenc -preset p3 -tune hq -cq:v 26
27;-rc vbr -b:v 0 -c:v hevc_nvenc -preset p3 -tune hq -cq:v 27
28;-rc vbr -b:v 0 -c:v hevc_nvenc -preset p3 -tune hq -cq:v 28
29;-rc vbr -b:v 0 -c:v hevc_nvenc -preset p3 -tune hq -cq:v 29
30;-rc vbr -b:v 0 -c:v hevc_nvenc -preset p3 -tune hq -cq:v 30
31;-rc vbr -b:v 0 -c:v hevc_nvenc -preset p3 -tune hq -cq:v 31
32;-rc vbr -b:v 0 -c:v hevc_nvenc -preset p3 -tune hq -cq:v 32
33;-rc vbr -b:v 0 -c:v hevc_nvenc -preset p3 -tune hq -cq:v 33
33.1;-rc vbr -b:v 0 -c:v hevc_nvenc -preset p3 -tune hq -cq:v 33.1
33.2;-rc vbr -b:v 0 -c:v hevc_nvenc -preset p3 -tune hq -cq:v 33.2
33.3;-rc vbr -b:v 0 -c:v hevc_nvenc -preset p3 -tune hq -cq:v 33.3
33.4;-rc vbr -b:v 0 -c:v hevc_nvenc -preset p3 -tune hq -cq:v 33.4
33.5;-rc vbr -b:v 0 -c:v hevc_nvenc -preset p3 -tune hq -cq:v 33.5
33.6;-rc vbr -b:v 0 -c:v hevc_nvenc -preset p3 -tune hq -cq:v 33.6
33.7;-rc vbr -b:v 0 -c:v hevc_nvenc -preset p3 -tune hq -cq:v 33.7
33.8;-rc vbr -b:v 0 -c:v hevc_nvenc -preset p3 -tune hq -cq:v 33.8
33.9;-rc vbr -b:v 0 -c:v hevc_nvenc -preset p3 -tune hq -cq:v 33.9
34;-rc vbr -b:v 0 -c:v hevc_nvenc -preset p3 -tune hq -cq:v 34
22;-rc vbr -b:v 0 -c:v hevc_nvenc -preset p4 -cq:v 22
23;-rc vbr -b:v 0 -c:v hevc_nvenc -preset p4 -cq:v 23
24;-rc vbr -b:v 0 -c:v hevc_nvenc -preset p4 -cq:v 24
25;-rc vbr -b:v 0 -c:v hevc_nvenc -preset p4 -cq:v 25
26;-rc vbr -b:v 0 -c:v hevc_nvenc -preset p4 -cq:v 26
26.1;-rc vbr -b:v 0 -c:v hevc_nvenc -preset p4 -cq:v 26.1
26.2;-rc vbr -b:v 0 -c:v hevc_nvenc -preset p4 -cq:v 26.2
26.3;-rc vbr -b:v 0 -c:v hevc_nvenc -preset p4 -cq:v 26.3
26.4;-rc vbr -b:v 0 -c:v hevc_nvenc -preset p4 -cq:v 26.4
26.5;-rc vbr -b:v 0 -c:v hevc_nvenc -preset p4 -cq:v 26.5
26.6;-rc vbr -b:v 0 -c:v hevc_nvenc -preset p4 -cq:v 26.6
26.7;-rc vbr -b:v 0 -c:v hevc_nvenc -preset p4 -cq:v 26.7
26.8;-rc vbr -b:v 0 -c:v hevc_nvenc -preset p4 -cq:v 26.8
26.9;-rc vbr -b:v 0 -c:v hevc_nvenc -preset p4 -cq:v 26.9
27;-rc vbr -b:v 0 -c:v hevc_nvenc -preset p4 -cq:v 27
28;-rc vbr -b:v 0 -c:v hevc_nvenc -preset p4 -cq:v 28
29;-rc vbr -b:v 0 -c:v hevc_nvenc -preset p4 -cq:v 29
30;-rc vbr -b:v 0 -c:v hevc_nvenc -preset p4 -cq:v 30
31;-rc vbr -b:v 0 -c:v hevc_nvenc -preset p4 -cq:v 31
32;-rc vbr -b:v 0 -c:v hevc_nvenc -preset p4 -cq:v 32
33;-rc vbr -b:v 0 -c:v hevc_nvenc -preset p4 -cq:v 33
34;-rc vbr -b:v 0 -c:v hevc_nvenc -preset p4 -cq:v 34
22;-rc vbr -b:v 0 -c:v hevc_nvenc -preset p4 -tune hq -cq:v 22
23;-rc vbr -b:v 0 -c:v hevc_nvenc -preset p4 -tune hq -cq:v 23
24;-rc vbr -b:v 0 -c:v hevc_nvenc -preset p4 -tune hq -cq:v 24
25;-rc vbr -b:v 0 -c:v hevc_nvenc -preset p4 -tune hq -cq:v 25
26;-rc vbr -b:v 0 -c:v hevc_nvenc -preset p4 -tune hq -cq:v 26
27;-rc vbr -b:v 0 -c:v hevc_nvenc -preset p4 -tune hq -cq:v 27
28;-rc vbr -b:v 0 -c:v hevc_nvenc -preset p4 -tune hq -cq:v 28
29;-rc vbr -b:v 0 -c:v hevc_nvenc -preset p4 -tune hq -cq:v 29
30;-rc vbr -b:v 0 -c:v hevc_nvenc -preset p4 -tune hq -cq:v 30
31;-rc vbr -b:v 0 -c:v hevc_nvenc -preset p4 -tune hq -cq:v 31
32;-rc vbr -b:v 0 -c:v hevc_nvenc -preset p4 -tune hq -cq:v 32
33;-rc vbr -b:v 0 -c:v hevc_nvenc -preset p4 -tune hq -cq:v 33
33.1;-rc vbr -b:v 0 -c:v hevc_nvenc -preset p4 -tune hq -cq:v 33.1
33.2;-rc vbr -b:v 0 -c:v hevc_nvenc -preset p4 -tune hq -cq:v 33.2
33.3;-rc vbr -b:v 0 -c:v hevc_nvenc -preset p4 -tune hq -cq:v 33.3
33.4;-rc vbr -b:v 0 -c:v hevc_nvenc -preset p4 -tune hq -cq:v 33.4
33.5;-rc vbr -b:v 0 -c:v hevc_nvenc -preset p4 -tune hq -cq:v 33.5
33.6;-rc vbr -b:v 0 -c:v hevc_nvenc -preset p4 -tune hq -cq:v 33.6
33.7;-rc vbr -b:v 0 -c:v hevc_nvenc -preset p4 -tune hq -cq:v 33.7
33.8;-rc vbr -b:v 0 -c:v hevc_nvenc -preset p4 -tune hq -cq:v 33.8
33.9;-rc vbr -b:v 0 -c:v hevc_nvenc -preset p4 -tune hq -cq:v 33.9
34;-rc vbr -b:v 0 -c:v hevc_nvenc -preset p4 -tune hq -cq:v 34
22;-rc vbr -b:v 0 -c:v hevc_nvenc -preset p5 -cq:v 22
23;-rc vbr -b:v 0 -c:v hevc_nvenc -preset p5 -cq:v 23
24;-rc vbr -b:v 0 -c:v hevc_nvenc -preset p5 -cq:v 24
25;-rc vbr -b:v 0 -c:v hevc_nvenc -preset p5 -cq:v 25
26;-rc vbr -b:v 0 -c:v hevc_nvenc -preset p5 -cq:v 26
26.1;-rc vbr -b:v 0 -c:v hevc_nvenc -preset p5 -cq:v 26.1
26.2;-rc vbr -b:v 0 -c:v hevc_nvenc -preset p5 -cq:v 26.2
26.3;-rc vbr -b:v 0 -c:v hevc_nvenc -preset p5 -cq:v 26.3
26.4;-rc vbr -b:v 0 -c:v hevc_nvenc -preset p5 -cq:v 26.4
26.5;-rc vbr -b:v 0 -c:v hevc_nvenc -preset p5 -cq:v 26.5
26.6;-rc vbr -b:v 0 -c:v hevc_nvenc -preset p5 -cq:v 26.6
26.7;-rc vbr -b:v 0 -c:v hevc_nvenc -preset p5 -cq:v 26.7
26.8;-rc vbr -b:v 0 -c:v hevc_nvenc -preset p5 -cq:v 26.8
26.9;-rc vbr -b:v 0 -c:v hevc_nvenc -preset p5 -cq:v 26.9
27;-rc vbr -b:v 0 -c:v hevc_nvenc -preset p5 -cq:v 27
28;-rc vbr -b:v 0 -c:v hevc_nvenc -preset p5 -cq:v 28
29;-rc vbr -b:v 0 -c:v hevc_nvenc -preset p5 -cq:v 29
30;-rc vbr -b:v 0 -c:v hevc_nvenc -preset p5 -cq:v 30
31;-rc vbr -b:v 0 -c:v hevc_nvenc -preset p5 -cq:v 31
32;-rc vbr -b:v 0 -c:v hevc_nvenc -preset p5 -cq:v 32
33;-rc vbr -b:v 0 -c:v hevc_nvenc -preset p5 -cq:v 33
34;-rc vbr -b:v 0 -c:v hevc_nvenc -preset p5 -cq:v 34
22;-rc vbr -b:v 0 -c:v hevc_nvenc -preset p5 -tune hq -cq:v 22
23;-rc vbr -b:v 0 -c:v hevc_nvenc -preset p5 -tune hq -cq:v 23
24;-rc vbr -b:v 0 -c:v hevc_nvenc -preset p5 -tune hq -cq:v 24
25;-rc vbr -b:v 0 -c:v hevc_nvenc -preset p5 -tune hq -cq:v 25
26;-rc vbr -b:v 0 -c:v hevc_nvenc -preset p5 -tune hq -cq:v 26
27;-rc vbr -b:v 0 -c:v hevc_nvenc -preset p5 -tune hq -cq:v 27
28;-rc vbr -b:v 0 -c:v hevc_nvenc -preset p5 -tune hq -cq:v 28
29;-rc vbr -b:v 0 -c:v hevc_nvenc -preset p5 -tune hq -cq:v 29
30;-rc vbr -b:v 0 -c:v hevc_nvenc -preset p5 -tune hq -cq:v 30
31;-rc vbr -b:v 0 -c:v hevc_nvenc -preset p5 -tune hq -cq:v 31
32;-rc vbr -b:v 0 -c:v hevc_nvenc -preset p5 -tune hq -cq:v 32
33;-rc vbr -b:v 0 -c:v hevc_nvenc -preset p5 -tune hq -cq:v 33
33.1;-rc vbr -b:v 0 -c:v hevc_nvenc -preset p5 -tune hq -cq:v 33.1
33.2;-rc vbr -b:v 0 -c:v hevc_nvenc -preset p5 -tune hq -cq:v 33.2
33.3;-rc vbr -b:v 0 -c:v hevc_nvenc -preset p5 -tune hq -cq:v 33.3
33.4;-rc vbr -b:v 0 -c:v hevc_nvenc -preset p5 -tune hq -cq:v 33.4
33.5;-rc vbr -b:v 0 -c:v hevc_nvenc -preset p5 -tune hq -cq:v 33.5
33.6;-rc vbr -b:v 0 -c:v hevc_nvenc -preset p5 -tune hq -cq:v 33.6
33.7;-rc vbr -b:v 0 -c:v hevc_nvenc -preset p5 -tune hq -cq:v 33.7
33.8;-rc vbr -b:v 0 -c:v hevc_nvenc -preset p5 -tune hq -cq:v 33.8
33.9;-rc vbr -b:v 0 -c:v hevc_nvenc -preset p5 -tune hq -cq:v 33.9
34;-rc vbr -b:v 0 -c:v hevc_nvenc -preset p5 -tune hq -cq:v 34
22;-rc vbr -b:v 0 -c:v hevc_nvenc -preset p6 -cq:v 22
23;-rc vbr -b:v 0 -c:v hevc_nvenc -preset p6 -cq:v 23
24;-rc vbr -b:v 0 -c:v hevc_nvenc -preset p6 -cq:v 24
25;-rc vbr -b:v 0 -c:v hevc_nvenc -preset p6 -cq:v 25
26;-rc vbr -b:v 0 -c:v hevc_nvenc -preset p6 -cq:v 26
26.1;-rc vbr -b:v 0 -c:v hevc_nvenc -preset p6 -cq:v 26.1
26.2;-rc vbr -b:v 0 -c:v hevc_nvenc -preset p6 -cq:v 26.2
26.3;-rc vbr -b:v 0 -c:v hevc_nvenc -preset p6 -cq:v 26.3
26.4;-rc vbr -b:v 0 -c:v hevc_nvenc -preset p6 -cq:v 26.4
26.5;-rc vbr -b:v 0 -c:v hevc_nvenc -preset p6 -cq:v 26.5
26.6;-rc vbr -b:v 0 -c:v hevc_nvenc -preset p6 -cq:v 26.6
26.7;-rc vbr -b:v 0 -c:v hevc_nvenc -preset p6 -cq:v 26.7
26.8;-rc vbr -b:v 0 -c:v hevc_nvenc -preset p6 -cq:v 26.8
26.9;-rc vbr -b:v 0 -c:v hevc_nvenc -preset p6 -cq:v 26.9
27;-rc vbr -b:v 0 -c:v hevc_nvenc -preset p6 -cq:v 27
28;-rc vbr -b:v 0 -c:v hevc_nvenc -preset p6 -cq:v 28
29;-rc vbr -b:v 0 -c:v hevc_nvenc -preset p6 -cq:v 29
30;-rc vbr -b:v 0 -c:v hevc_nvenc -preset p6 -cq:v 30
31;-rc vbr -b:v 0 -c:v hevc_nvenc -preset p6 -cq:v 31
32;-rc vbr -b:v 0 -c:v hevc_nvenc -preset p6 -cq:v 32
33;-rc vbr -b:v 0 -c:v hevc_nvenc -preset p6 -cq:v 33
34;-rc vbr -b:v 0 -c:v hevc_nvenc -preset p6 -cq:v 34
22;-rc vbr -b:v 0 -c:v hevc_nvenc -preset p6 -tune hq -cq:v 22
23;-rc vbr -b:v 0 -c:v hevc_nvenc -preset p6 -tune hq -cq:v 23
24;-rc vbr -b:v 0 -c:v hevc_nvenc -preset p6 -tune hq -cq:v 24
25;-rc vbr -b:v 0 -c:v hevc_nvenc -preset p6 -tune hq -cq:v 25
26;-rc vbr -b:v 0 -c:v hevc_nvenc -preset p6 -tune hq -cq:v 26
27;-rc vbr -b:v 0 -c:v hevc_nvenc -preset p6 -tune hq -cq:v 27
28;-rc vbr -b:v 0 -c:v hevc_nvenc -preset p6 -tune hq -cq:v 28
29;-rc vbr -b:v 0 -c:v hevc_nvenc -preset p6 -tune hq -cq:v 29
30;-rc vbr -b:v 0 -c:v hevc_nvenc -preset p6 -tune hq -cq:v 30
31;-rc vbr -b:v 0 -c:v hevc_nvenc -preset p6 -tune hq -cq:v 31
32;-rc vbr -b:v 0 -c:v hevc_nvenc -preset p6 -tune hq -cq:v 32
33;-rc vbr -b:v 0 -c:v hevc_nvenc -preset p6 -tune hq -cq:v 33
33.1;-rc vbr -b:v 0 -c:v hevc_nvenc -preset p6 -tune hq -cq:v 33.1
33.2;-rc vbr -b:v 0 -c:v hevc_nvenc -preset p6 -tune hq -cq:v 33.2
33.3;-rc vbr -b:v 0 -c:v hevc_nvenc -preset p6 -tune hq -cq:v 33.3
33.4;-rc vbr -b:v 0 -c:v hevc_nvenc -preset p6 -tune hq -cq:v 33.4
33.5;-rc vbr -b:v 0 -c:v hevc_nvenc -preset p6 -tune hq -cq:v 33.5
33.6;-rc vbr -b:v 0 -c:v hevc_nvenc -preset p6 -tune hq -cq:v 33.6
33.7;-rc vbr -b:v 0 -c:v hevc_nvenc -preset p6 -tune hq -cq:v 33.7
33.8;-rc vbr -b:v 0 -c:v hevc_nvenc -preset p6 -tune hq -cq:v 33.8
33.9;-rc vbr -b:v 0 -c:v hevc_nvenc -preset p6 -tune hq -cq:v 33.9
34;-rc vbr -b:v 0 -c:v hevc_nvenc -preset p6 -tune hq -cq:v 34
22;-rc vbr -b:v 0 -c:v hevc_nvenc -preset p7 -cq:v 22
23;-rc vbr -b:v 0 -c:v hevc_nvenc -preset p7 -cq:v 23
24;-rc vbr -b:v 0 -c:v hevc_nvenc -preset p7 -cq:v 24
25;-rc vbr -b:v 0 -c:v hevc_nvenc -preset p7 -cq:v 25
26;-rc vbr -b:v 0 -c:v hevc_nvenc -preset p7 -cq:v 26
26.1;-rc vbr -b:v 0 -c:v hevc_nvenc -preset p7 -cq:v 26.1
26.2;-rc vbr -b:v 0 -c:v hevc_nvenc -preset p7 -cq:v 26.2
26.3;-rc vbr -b:v 0 -c:v hevc_nvenc -preset p7 -cq:v 26.3
26.4;-rc vbr -b:v 0 -c:v hevc_nvenc -preset p7 -cq:v 26.4
26.5;-rc vbr -b:v 0 -c:v hevc_nvenc -preset p7 -cq:v 26.5
26.6;-rc vbr -b:v 0 -c:v hevc_nvenc -preset p7 -cq:v 26.6
26.7;-rc vbr -b:v 0 -c:v hevc_nvenc -preset p7 -cq:v 26.7
26.8;-rc vbr -b:v 0 -c:v hevc_nvenc -preset p7 -cq:v 26.8
26.9;-rc vbr -b:v 0 -c:v hevc_nvenc -preset p7 -cq:v 26.9
27;-rc vbr -b:v 0 -c:v hevc_nvenc -preset p7 -cq:v 27
28;-rc vbr -b:v 0 -c:v hevc_nvenc -preset p7 -cq:v 28
29;-rc vbr -b:v 0 -c:v hevc_nvenc -preset p7 -cq:v 29
30;-rc vbr -b:v 0 -c:v hevc_nvenc -preset p7 -cq:v 30
31;-rc vbr -b:v 0 -c:v hevc_nvenc -preset p7 -cq:v 31
32;-rc vbr -b:v 0 -c:v hevc_nvenc -preset p7 -cq:v 32
33;-rc vbr -b:v 0 -c:v hevc_nvenc -preset p7 -cq:v 33
34;-rc vbr -b:v 0 -c:v hevc_nvenc -preset p7 -cq:v 34
22;-rc vbr -b:v 0 -c:v hevc_nvenc -preset p7 -tune hq -cq:v 22
23;-rc vbr -b:v 0 -c:v hevc_nvenc -preset p7 -tune hq -cq:v 23
24;-rc vbr -b:v 0 -c:v hevc_nvenc -preset p7 -tune hq -cq:v 24
25;-rc vbr -b:v 0 -c:v hevc_nvenc -preset p7 -tune hq -cq:v 25
26;-rc vbr -b:v 0 -c:v hevc_nvenc -preset p7 -tune hq -cq:v 26
27;-rc vbr -b:v 0 -c:v hevc_nvenc -preset p7 -tune hq -cq:v 27
28;-rc vbr -b:v 0 -c:v hevc_nvenc -preset p7 -tune hq -cq:v 28
29;-rc vbr -b:v 0 -c:v hevc_nvenc -preset p7 -tune hq -cq:v 29
30;-rc vbr -b:v 0 -c:v hevc_nvenc -preset p7 -tune hq -cq:v 30
31;-rc vbr -b:v 0 -c:v hevc_nvenc -preset p7 -tune hq -cq:v 31
32;-rc vbr -b:v 0 -c:v hevc_nvenc -preset p7 -tune hq -cq:v 32
33;-rc vbr -b:v 0 -c:v hevc_nvenc -preset p7 -tune hq -cq:v 33
33.1;-rc vbr -b:v 0 -c:v hevc_nvenc -preset p7 -tune hq -cq:v 33.1
33.2;-rc vbr -b:v 0 -c:v hevc_nvenc -preset p7 -tune hq -cq:v 33.2
33.3;-rc vbr -b:v 0 -c:v hevc_nvenc -preset p7 -tune hq -cq:v 33.3
33.4;-rc vbr -b:v 0 -c:v hevc_nvenc -preset p7 -tune hq -cq:v 33.4
33.5;-rc vbr -b:v 0 -c:v hevc_nvenc -preset p7 -tune hq -cq:v 33.5
33.6;-rc vbr -b:v 0 -c:v hevc_nvenc -preset p7 -tune hq -cq:v 33.6
33.7;-rc vbr -b:v 0 -c:v hevc_nvenc -preset p7 -tune hq -cq:v 33.7
33.8;-rc vbr -b:v 0 -c:v hevc_nvenc -preset p7 -tune hq -cq:v 33.8
33.9;-rc vbr -b:v 0 -c:v hevc_nvenc -preset p7 -tune hq -cq:v 33.9
34;-rc vbr -b:v 0 -c:v hevc_nvenc -preset p7 -tune hq -cq:v 34